{"lr": 0.00099, "model": "model/m_1_iter_55000.caffemodel", "margin": 1, "lastmax": 60000, "best_acc": 0.9309999942779541}