{"margin": 1, "model": "model/m_0_iter_9004000.caffemodel", "lr": 9.832163179616422e-08, "lastmax": 10050000, "best_acc": 0.5750326797385621}