{"lr": 9.920974201040586e-07, "model": "model/m_1_iter_1448000.caffemodel", "margin": 1, "lastmax": 10050000, "best_acc": 0.6526104417670683}