{"margin": 1, "model": "model/m_0_iter_120000.caffemodel", "lr": 0.0005582661385478637, "lastmax": 1050000, "best_acc": 0.5508094868271701}