{"margin": 1, "model": "model/m_1_iter_982000.caffemodel", "lr": 2.2368867397864743e-05, "lastmax": 1100000, "best_acc": 0.5516254100805249}