{"margin": 1, "model": "model/m_0_iter_603000.caffemodel", "lr": 7.936142836436556e-05, "lastmax": 650000, "best_acc": 0.5390883626177744}