{"margin": 1, "model": "model/m_0_iter_1221000.caffemodel", "lr": 6.361854860638712e-05, "lastmax": 1250000, "best_acc": 0.5305727554179567}