{"lr": 1.0213842899856094e-05, "model": "model/m_1_iter_5877000.caffemodel", "margin": 1, "lastmax": 5900000, "best_acc": 0.552540233512149}