{"lr": 0.0005582661385478637, "model": "model/m_1_iter_2022000.caffemodel", "margin": 1, "lastmax": 2200000, "best_acc": 0.555763706756588}